{
  "1": {
    "arrival": [
      18
    ],
    "departure": [
      73
    ],
    "EVmax": [
      26
    ],
    "SoCini": [
      0.648604483582739
    ]
  },
  "2": {
    "arrival": [
      27
    ],
    "departure": [
      54
    ],
    "EVmax": [
      22
    ],
    "SoCini": [
      0.7113983667487165
    ]
  },
  "3": {
    "arrival": [
      38
    ],
    "departure": [
      82
    ],
    "EVmax": [
      40
    ],
    "SoCini": [
      0.6409041863032753
    ]
  },
  "4": {
    "arrival": [
      49
    ],
    "departure": [
      96
    ],
    "EVmax": [
      25
    ],
    "SoCini": [
      0.7267702753892938
    ]
  },
  "5": {
    "arrival": [
      73
    ],
    "departure": [
      76
    ],
    "EVmax": [
      49
    ],
    "SoCini": [
      0.9025529500532801
    ]
  },
  "6": {
    "arrival": [
      72
    ],
    "departure": [
      82
    ],
    "EVmax": [
      43
    ],
    "SoCini": [
      0.21354378847179234
    ]
  },
  "7": {
    "arrival": [
      93
    ],
    "departure": [
      96
    ],
    "EVmax": [
      40
    ],
    "SoCini": [
      0.2561074559874089
    ]
  },
  "8": {
    "arrival": [
      12
    ],
    "departure": [
      90
    ],
    "EVmax": [
      25
    ],
    "SoCini": [
      0.45457166529265625
    ]
  },
  "9": {
    "arrival": [
      11
    ],
    "departure": [
      25
    ],
    "EVmax": [
      37
    ],
    "SoCini": [
      0.24241647135077415
    ]
  },
  "10": {
    "arrival": [
      64
    ],
    "departure": [
      81
    ],
    "EVmax": [
      36
    ],
    "SoCini": [
      0.6859430878878888
    ]
  },
  "11": {
    "arrival": [
      86
    ],
    "departure": [
      93
    ],
    "EVmax": [
      24
    ],
    "SoCini": [
      0.9632340182456056
    ]
  },
  "12": {
    "arrival": [
      25,
      68,
      96
    ],
    "departure": [
      53,
      87,
      96
    ],
    "EVmax": [
      28,
      48,
      31
    ],
    "SoCini": [
      0.7458590052669163,
      0.5432206333670453,
      0.2741926468488035
    ]
  },
  "13": {
    "arrival": [
      58
    ],
    "departure": [
      81
    ],
    "EVmax": [
      37
    ],
    "SoCini": [
      0.7432565728428774
    ]
  },
  "14": {
    "arrival": [
      70
    ],
    "departure": [
      87
    ],
    "EVmax": [
      24
    ],
    "SoCini": [
      0.21791313106039845
    ]
  },
  "15": {
    "arrival": [
      30,
      91
    ],
    "departure": [
      78,
      96
    ],
    "EVmax": [
      28,
      25
    ],
    "SoCini": [
      0.4283327139634261,
      0.41674744065653224
    ]
  },
  "16": {
    "arrival": [
      44
    ],
    "departure": [
      76
    ],
    "EVmax": [
      47
    ],
    "SoCini": [
      0.8080076271517992
    ]
  },
  "17": {
    "arrival": [
      9
    ],
    "departure": [
      42
    ],
    "EVmax": [
      31
    ],
    "SoCini": [
      0.5124892270617541
    ]
  },
  "18": {
    "arrival": [
      23,
      87
    ],
    "departure": [
      65,
      94
    ],
    "EVmax": [
      39,
      38
    ],
    "SoCini": [
      0.7794690955223427,
      0.4188835648384064
    ]
  },
  "19": {
    "arrival": [
      27
    ],
    "departure": [
      57
    ],
    "EVmax": [
      43
    ],
    "SoCini": [
      0.10307271526758044
    ]
  },
  "20": {
    "arrival": [
      69
    ],
    "departure": [
      96
    ],
    "EVmax": [
      46
    ],
    "SoCini": [
      0.4843337291023917
    ]
  }
}