{
    "1": {
      "arrival": [
        18,
        47,
        75
      ],
      "departure": [
        41,
        69,
        94
      ],
      "Emax": [
        30,
        26,
        22
      ],
      "SoCini": [
        0.48685963676911226,
        0.8862397794719945,
        0.8143768975852229
      ]
    },
    "2": {
      "arrival": [
        24,
        45,
        63
      ],
      "departure": [
        43,
        62,
        93
      ],
      "Emax": [
        41,
        37,
        44
      ],
      "SoCini": [
        0.1485520798634017,
        0.5403473108455431,
        0.9984517655796887
      ]
    },
    "3": {
      "arrival": [
        1,
        32,
        70
      ],
      "departure": [
        25,
        53,
        91
      ],
      "Emax": [
        34,
        33,
        36
      ],
      "SoCini": [
        0.7347851293205999,
        0.5845295211931836,
        0.32238582122909976
      ]
    },
    "4": {
      "arrival": [
        2,
        30,
        68
      ],
      "departure": [
        26,
        54,
        86
      ],
      "Emax": [
        29,
        33,
        20
      ],
      "SoCini": [
        0.3887838492472918,
        0.3229692527357382,
        0.38121478151441124
      ]
    },
    "5": {
      "arrival": [
        1,
        30,
        48
      ],
      "departure": [
        24,
        47,
        81
      ],
      "Emax": [
        25,
        28,
        24
      ],
      "SoCini": [
        0.4777211330435652,
        0.41293917056336027,
        0.23932891905660292
      ]
    },
    "6": {
      "arrival": [
        9,
        43,
        76
      ],
      "departure": [
        35,
        64,
        96
      ],
      "Emax": [
        33,
        38,
        32
      ],
      "SoCini": [
        0.9357292680621974,
        0.23405606118316802,
        0.0008994972843155979
      ]
    },
    "7": {
      "arrival": [
        13,
        34,
        78
      ],
      "departure": [
        33,
        65,
        95
      ],
      "Emax": [
        43,
        32,
        50
      ],
      "SoCini": [
        0.3104631383528912,
        0.49541794296284536,
        0.8677652503528643
      ]
    },
    "8": {
      "arrival": [
        5,
        42,
        65
      ],
      "departure": [
        26,
        61,
        89
      ],
      "Emax": [
        37,
        49,
        29
      ],
      "SoCini": [
        0.9639512507784218,
        0.251784342485716,
        0.7203453470810302
      ]
    },
    "9": {
      "arrival": [
        11,
        33,
        68
      ],
      "departure": [
        29,
        61,
        93
      ],
      "Emax": [
        33,
        35,
        38
      ],
      "SoCini": [
        0.4292107813424042,
        0.34136453992782545,
        0.09913484288546803
      ]
    },
    "10": {
      "arrival": [
        1,
        34,
        68
      ],
      "departure": [
        29,
        51,
        89
      ],
      "Emax": [
        26,
        43,
        20
      ],
      "SoCini": [
        0.39240156854661534,
        0.9248987619753114,
        0.2289223916702684
      ]
    }
  }