{
    "1": {
      "arrival": [
        88
      ],
      "departure": [
        89
      ],
      "Emax": [
        23
      ],
      "SoCini": [
        0.16091358216040463
      ]
    },
    "2": {
      "arrival": [
        69
      ],
      "departure": [
        94
      ],
      "Emax": [
        25
      ],
      "SoCini": [
        0.11544034728184727
      ]
    },
    "3": {
      "arrival": [
        23
      ],
      "departure": [
        23
      ],
      "Emax": [
        27
      ],
      "SoCini": [
        0.2563066894979269
      ]
    },
    "4": {
      "arrival": [
        67
      ],
      "departure": [
        70
      ],
      "Emax": [
        30
      ],
      "SoCini": [
        0.6550286046857615
      ]
    },
    "5": {
      "arrival": [
        77
      ],
      "departure": [
        82
      ],
      "Emax": [
        35
      ],
      "SoCini": [
        0.9733370532976373
      ]
    },
    "6": {
      "arrival": [
        26
      ],
      "departure": [
        37
      ],
      "Emax": [
        40
      ],
      "SoCini": [
        0.4108704228141322
      ]
    },
    "7": {
      "arrival": [
        29,
        90
      ],
      "departure": [
        46,
        93
      ],
      "Emax": [
        36,
        29
      ],
      "SoCini": [
        0.24774118083227947,
        0.2830581392233389
      ]
    },
    "8": {
      "arrival": [
        7
      ],
      "departure": [
        54
      ],
      "Emax": [
        24
      ],
      "SoCini": [
        0.42776522260396777
      ]
    },
    "9": {
      "arrival": [
        18
      ],
      "departure": [
        89
      ],
      "Emax": [
        21
      ],
      "SoCini": [
        0.16719192589140874
      ]
    },
    "10": {
      "arrival": [
        63
      ],
      "departure": [
        78
      ],
      "Emax": [
        20
      ],
      "SoCini": [
        0.7501088052480883
      ]
    },
    "11": {
      "arrival": [
        83
      ],
      "departure": [
        93
      ],
      "Emax": [
        31
      ],
      "SoCini": [
        0.2563433233758735
      ]
    },
    "12": {
      "arrival": [
        68
      ],
      "departure": [
        87
      ],
      "Emax": [
        29
      ],
      "SoCini": [
        0.875299864751804
      ]
    },
    "13": {
      "arrival": [
        22
      ],
      "departure": [
        69
      ],
      "Emax": [
        33
      ],
      "SoCini": [
        0.5457955791565959
      ]
    },
    "14": {
      "arrival": [
        53
      ],
      "departure": [
        56
      ],
      "Emax": [
        44
      ],
      "SoCini": [
        0.5371876493238853
      ]
    },
    "15": {
      "arrival": [
        44
      ],
      "departure": [
        71
      ],
      "Emax": [
        38
      ],
      "SoCini": [
        0.8682615941963389
      ]
    },
    "16": {
      "arrival": [
        37,
        86
      ],
      "departure": [
        57,
        94
      ],
      "Emax": [
        49,
        39
      ],
      "SoCini": [
        0.3405354124581228,
        0.03799895477191806
      ]
    },
    "17": {
      "arrival": [
        13
      ],
      "departure": [
        79
      ],
      "Emax": [
        20
      ],
      "SoCini": [
        0.35119517876229134
      ]
    },
    "18": {
      "arrival": [
        76
      ],
      "departure": [
        79
      ],
      "Emax": [
        44
      ],
      "SoCini": [
        0.12112940772064817
      ]
    },
    "19": {
      "arrival": [
        23,
        79
      ],
      "departure": [
        44,
        80
      ],
      "Emax": [
        38,
        44
      ],
      "SoCini": [
        0.06109398441390901,
        0.5907529928241118
      ]
    },
    "20": {
      "arrival": [
        66
      ],
      "departure": [
        68
      ],
      "Emax": [
        26
      ],
      "SoCini": [
        0.9521532077272331
      ]
    },
    "21": {
      "arrival": [
        36
      ],
      "departure": [
        68
      ],
      "Emax": [
        23
      ],
      "SoCini": [
        0.8209030118343014
      ]
    },
    "22": {
      "arrival": [
        57
      ],
      "departure": [
        62
      ],
      "Emax": [
        46
      ],
      "SoCini": [
        0.013633856333734151
      ]
    },
    "23": {
      "arrival": [
        47
      ],
      "departure": [
        87
      ],
      "Emax": [
        42
      ],
      "SoCini": [
        0.5406622785623316
      ]
    },
    "24": {
      "arrival": [
        3
      ],
      "departure": [
        66
      ],
      "Emax": [
        43
      ],
      "SoCini": [
        0.14889964738854589
      ]
    },
    "25": {
      "arrival": [
        56
      ],
      "departure": [
        79
      ],
      "Emax": [
        27
      ],
      "SoCini": [
        0.6330998683360939
      ]
    },
    "26": {
      "arrival": [
        16
      ],
      "departure": [
        23
      ],
      "Emax": [
        34
      ],
      "SoCini": [
        0.7003586828161268
      ]
    },
    "27": {
      "arrival": [
        66
      ],
      "departure": [
        77
      ],
      "Emax": [
        38
      ],
      "SoCini": [
        0.173955021143385
      ]
    },
    "28": {
      "arrival": [
        54
      ],
      "departure": [
        79
      ],
      "Emax": [
        31
      ],
      "SoCini": [
        0.5464761996057388
      ]
    },
    "29": {
      "arrival": [
        17,
        94
      ],
      "departure": [
        64,
        94
      ],
      "Emax": [
        44,
        20
      ],
      "SoCini": [
        0.602455043513032,
        0.16343947537902437
      ]
    },
    "30": {
      "arrival": [
        10
      ],
      "departure": [
        28
      ],
      "Emax": [
        27
      ],
      "SoCini": [
        0.5380065070149042
      ]
    },
    "31": {
      "arrival": [
        15
      ],
      "departure": [
        80
      ],
      "Emax": [
        23
      ],
      "SoCini": [
        0.16862454146076467
      ]
    },
    "32": {
      "arrival": [
        20
      ],
      "departure": [
        51
      ],
      "Emax": [
        28
      ],
      "SoCini": [
        0.6563741710363616
      ]
    },
    "33": {
      "arrival": [
        20
      ],
      "departure": [
        57
      ],
      "Emax": [
        37
      ],
      "SoCini": [
        0.5047393194668881
      ]
    },
    "34": {
      "arrival": [
        57
      ],
      "departure": [
        57
      ],
      "Emax": [
        24
      ],
      "SoCini": [
        0.8271650390647558
      ]
    },
    "35": {
      "arrival": [
        78
      ],
      "departure": [
        80
      ],
      "Emax": [
        27
      ],
      "SoCini": [
        0.2703984746121164
      ]
    },
    "36": {
      "arrival": [
        32
      ],
      "departure": [
        95
      ],
      "Emax": [
        32
      ],
      "SoCini": [
        0.24981651764645407
      ]
    },
    "37": {
      "arrival": [
        69
      ],
      "departure": [
        77
      ],
      "Emax": [
        42
      ],
      "SoCini": [
        0.7605877597854123
      ]
    },
    "38": {
      "arrival": [
        89
      ],
      "departure": [
        96
      ],
      "Emax": [
        21
      ],
      "SoCini": [
        0.7710211027730642
      ]
    },
    "39": {
      "arrival": [
        76
      ],
      "departure": [
        81
      ],
      "Emax": [
        49
      ],
      "SoCini": [
        0.42821743706270265
      ]
    },
    "40": {
      "arrival": [
        10
      ],
      "departure": [
        92
      ],
      "Emax": [
        23
      ],
      "SoCini": [
        0.021945197151334694
      ]
    },
    "41": {
      "arrival": [
        87
      ],
      "departure": [
        89
      ],
      "Emax": [
        50
      ],
      "SoCini": [
        0.29520397732977866
      ]
    },