{
    "1": {
      "arrival": [
        18,
        47,
        75
      ],
      "departure": [
        41,
        69,
        94
      ],
      "Emax": [
        30,
        26,
        22
      ],
      "SoCini": [
        0.48685963676911226,
        0.8862397794719945,
        0.8143768975852229
      ]
    }
  }