{
    "model name": "model 1",
    "PSmax": 90,
    "PSmin": -10,
    "IPPVmax": 400,
    "cIPV": 900,
    "cCC": 15000,
    "D": 2,
    "cIT": 2000,
    "cOT": 1.28,
    "MaxGD": 100,
    "cIPA": 2000,
    "cIEA": 2000,
    "EAE0": 0.5,
    "alpha": 0.95,
    "beta": 0.05,
    "MaxL": 50,
    "EVPmaxc": 50,
    "EVPmaxd": 0,
    "rate": 0.03,
    "nyears": 5,
    "cOS": [
        0.435000000000000,
        0.435000000000000,
        0.435000000000000,
        0.435000000000000,
        0.435000000000000,
        0.435000000000000,
        0.435000000000000,
        0.435000000000000,
        0.435000000000000,
        0.435000000000000,
        0.435000000000000,
        0.435000000000000,
        0.435000000000000,
        0.435000000000000,
        0.435000000000000,
        0.435000000000000,
        0.435000000000000,
        0.435000000000000,
        0.435000000000000,
        0.435000000000000,
        0.435000000000000,
        0.435000000000000,
        0.435000000000000,
        0.435000000000000,
        0.435000000000000,
        0.435000000000000,
        0.435000000000000,
        0.435000000000000,
        0.435000000000000,
        0.435000000000000,
        0.435000000000000,
        0.435000000000000,
        0.435000000000000,
        0.435000000000000,
        0.435000000000000,
        0.435000000000000,
        0.435000000000000,
        0.435000000000000,
        0.464400000000000,
        0.499989473684211,
        0.535578947368421,
        0.571168421052631,
        0.636063157894737,
        0.713778947368421,
        0.791494736842105,
        0.869210526315790,
        0.903000000000000,
        0.903000000000000,
        0.903000000000000,
        0.903000000000000,
        0.903000000000000,
        0.903000000000000,
        0.903000000000000,
        0.903000000000000,
        0.879347368421052,
        0.801631578947368,
        0.723915789473684,
        0.646200000000000,
        0.575810526315789,
        0.540221052631579,
        0.504631578947368,
        0.469042105263158,
        0.435000000000000,
        0.435000000000000,
        0.435000000000000,
        0.435000000000000,
        0.435000000000000,
        0.435000000000000,
        0.435000000000000,
        0.435000000000000,
        0.435000000000000,
        0.435000000000000,
        0.435000000000000,
        0.435000000000000,
        0.435000000000000,
        0.435000000000000,
        0.435000000000000,
        0.435000000000000,
        0.435000000000000,
        0.435000000000000,
        0.435000000000000,
        0.435000000000000,
        0.435000000000000,
        0.435000000000000,
        0.435000000000000,
        0.435000000000000,
        0.435000000000000,
        0.435000000000000,
        0.435000000000000,
        0.435000000000000,
        0.435000000000000,
        0.435000000000000,
        0.435000000000000,
        0.435000000000000,
        0.435000000000000,
        0.435000000000000
    ]
}