{
   "baseModel":{
    "model name": "model 1",
    "PSmax": 90, 
    "PSmin": -50,
    "IPPVmax": 400,
    "cIPV": 450,
    "cCC": 150,
    "D": 2, 
    "cIT": 350,
    "cOT": 1.28,
    "MaxGD": 10,
    "cIPA": 1200,
    "cIEA": 800,
    "EAE0": 0.5,
    "alpha": 0.95,
    "beta": 0.001,
    "MaxL": 50,
    "EVPmaxc": 50,
    "EVPmaxd": 0,
    "rate": 0.03,
    "nyears": 1,
    "GDM": 10, 
    "EVDM": 10,
    "cOS": [
        0.435000000000000,
        0.435000000000000,
        0.435000000000000,
        0.435000000000000,
        0.435000000000000,
        0.435000000000000,
        0.435000000000000,
        0.435000000000000,
        0.435000000000000,
        0.435000000000000,
        0.435000000000000,
        0.435000000000000,
        0.435000000000000,
        0.435000000000000,
        0.435000000000000,
        0.435000000000000,
        0.435000000000000,
        0.435000000000000,
        0.435000000000000,
        0.435000000000000,
        0.435000000000000,
        0.435000000000000,
        0.435000000000000,
        0.435000000000000,
        0.435000000000000,
        0.435000000000000,
        0.435000000000000,
        0.435000000000000,
        0.435000000000000,
        0.435000000000000,
        0.435000000000000,
        0.435000000000000,
        0.435000000000000,
        0.435000000000000,
        0.435000000000000,
        0.435000000000000,
        0.435000000000000,
        0.435000000000000,
        0.464400000000000,
        0.499989473684211,
        0.535578947368421,
        0.571168421052631,
        0.636063157894737,
        0.713778947368421,
        0.791494736842105,
        0.869210526315790,
        0.903000000000000,
        0.903000000000000,
        0.903000000000000,
        0.903000000000000,
        0.903000000000000,
        0.903000000000000,
        0.903000000000000,
        0.903000000000000,
        0.879347368421052,
        0.801631578947368,
        0.723915789473684,
        0.646200000000000,
        0.575810526315789,
        0.540221052631579,
        0.504631578947368,
        0.469042105263158,
        0.435000000000000,
        0.435000000000000,
        0.435000000000000,
        0.435000000000000,
        0.435000000000000,
        0.435000000000000,
        0.435000000000000,
        0.435000000000000,
        0.435000000000000,
        0.435000000000000,
        0.435000000000000,
        0.435000000000000,
        0.435000000000000,
        0.435000000000000,
        0.435000000000000,
        0.435000000000000,
        0.435000000000000,
        0.435000000000000,
        0.435000000000000,
        0.435000000000000,
        0.435000000000000,
        0.435000000000000,
        0.435000000000000,
        0.435000000000000,
        0.435000000000000,
        0.435000000000000,
        0.435000000000000,
        0.435000000000000,
        0.435000000000000,
        0.435000000000000,
        0.435000000000000,
        0.435000000000000,
        0.435000000000000,
        0.435000000000000
    ]
   },
   "IonLitResNCA":{
    "model name": "model 1",
    "PSmax": 90, 
    "PSmin": -50,
    "IPPVmax": 400,
    "cIPV": 876,
    "cCC": 150,
    "D": 2, 
    "cIT": 350,
    "cOT": 2.08,
    "MaxGD": 10,
    "cIPA": 0,
    "cIEA": 352,
    "EAE0": 0.5,
    "alpha": 0.974,
    "beta": 0.0001,
    "MaxL": 50,
    "EVPmaxc": 50,
    "EVPmaxd": 0,
    "rate": 0.03,
    "nyears": 5,
    "GDM": 10, 
    "EVDM": 10,
    "EAM": 1.680,
    "EVM": 1.680,
    "cOS": [0.18, 0.18, 0.18, 0.18, 0.18, 0.18, 0.18, 0.18, 0.18, 0.18, 0.18, 0.18, 0.18, 0.18, 0.18, 0.18, 0.18, 0.18, 0.18, 0.18, 0.18, 0.18, 0.18, 0.18, 0.18, 0.18, 0.18, 0.18, 0.18, 0.18, 0.18, 0.18, 0.18, 0.18, 0.18, 0.18, 0.18, 0.18, 0.18, 0.18, 0.18, 0.18, 0.18, 0.18, 0.18, 0.18, 0.18, 0.18, 0.18, 0.18, 0.18, 0.18, 0.18, 0.18, 0.18, 0.18, 0.18, 0.18, 0.18, 0.18, 0.18, 0.18, 0.18, 0.18, 0.18, 0.18, 0.18, 0.18, 0.18, 0.18, 0.18, 0.18, 0.18, 0.18, 0.18, 0.18, 0.18, 0.18, 0.18, 0.18, 0.18, 0.18, 0.18, 0.18, 0.18, 0.18, 0.18, 0.18, 0.18, 0.18, 0.18, 0.18, 0.18, 0.18, 0.18, 0.18]
   },
   "IonLitResNCAInd":{
    "model name": "model 1",
    "PSmax": 90, 
    "PSmin": -50,
    "IPPVmax": 400,
    "cIPV": 876,
    "cCC": 150,
    "D": 2, 
    "cIT": 350,
    "cOT": 2.08,
    "MaxGD": 10,
    "cIPA": 0,
    "cIEA": 352,
    "EAE0": 0.5,
    "alpha": 0.974,
    "beta": 0.0001,
    "MaxL": 50,
    "EVPmaxc": 50,
    "EVPmaxd": 10,
    "rate": 0.03,
    "nyears": 5,
    "GDM": 0.475, 
    "EAM": 0.0352,
    "cOS": [0.10, 0.10, 0.10, 0.10, 0.10, 0.10, 0.10, 0.10, 0.10, 0.10, 0.10, 0.10, 0.10, 0.10, 0.10, 0.10, 0.10, 0.10, 0.10, 0.10, 0.10, 0.10, 0.10, 0.10, 0.10, 0.10, 0.10, 0.10, 0.10, 0.10, 0.10, 0.10, 0.10, 0.10, 0.10, 0.10, 0.10, 0.10, 0.10, 0.10, 0.10, 0.10, 0.10, 0.10, 0.10, 0.10, 0.10, 0.10, 0.10, 0.10, 0.10, 0.10, 0.10, 0.10, 0.10, 0.10, 0.10, 0.10, 0.10, 0.10, 0.10, 0.10, 0.10, 0.10, 0.10, 0.10, 0.10, 0.10, 0.10, 0.10, 0.10, 0.10, 0.44, 0.44, 0.44, 0.44, 0.44, 0.44, 0.44, 0.44, 0.44, 0.44, 0.44, 0.44, 0.1, 0.1, 0.1, 0.1, 0.1, 0.1, 0.1, 0.1, 0.1, 0.1, 0.1, 0.1]},
    "IonLitLFPInd":{
    "model name": "model 1",
    "PSmax": 90, 
    "PSmin": -50,
    "IPPVmax": 400,
    "cIPV": 876,
    "cCC": 150,
    "D": 2, 
    "cIT": 350,
    "cOT": 1.20,
    "MaxGD": 50,
    "cIPA": 0,
    "cIEA": 840,
    "EAE0": 0.5,
    "alpha": 0.959,
    "beta": 0.0001,
    "MaxL": 50,
    "EVPmaxc": 50,
    "EVPmaxd": 10,
    "rate": 0.03,
    "nyears": 5,
    "GDM": 0.0, 
    "EAM": 0.840,
    "EVM": 1.680,
    "cOS": [0.10, 0.10, 0.10, 0.10, 0.10, 0.10, 0.10, 0.10, 0.10, 0.10, 0.10, 0.10, 0.10, 0.10, 0.10, 0.10, 0.10, 0.10, 0.10, 0.10, 0.10, 0.10, 0.10, 0.10, 0.10, 0.10, 0.10, 0.10, 0.10, 0.10, 0.10, 0.10, 0.10, 0.10, 0.10, 0.10, 0.10, 0.10, 0.10, 0.10, 0.10, 0.10, 0.10, 0.10, 0.10, 0.10, 0.10, 0.10, 0.10, 0.10, 0.10, 0.10, 0.10, 0.10, 0.10, 0.10, 0.10, 0.10, 0.10, 0.10, 0.10, 0.10, 0.10, 0.10, 0.10, 0.10, 0.10, 0.10, 0.10, 0.10, 0.10, 0.10, 0.44, 0.44, 0.44, 0.44, 0.44, 0.44, 0.44, 0.44, 0.44, 0.44, 0.44, 0.44, 0.1, 0.1, 0.1, 0.1, 0.1, 0.1, 0.1, 0.1, 0.1, 0.1, 0.1, 0.1]},
"IonLitLFPIndNorm":{
    "model name": "model 1",
    "PSmax": 90, 
    "PSmin": -50,
    "IPPVmax": 400,
    "cIPV": 876,
    "cCC": 150,
    "D": 2, 
    "cIT": 350,
    "cOT": 1.20,
    "MaxGD": 50,
    "cIPA": 0,
    "cIEA": 578,
    "EAE0": 0.5,
    "alpha": 0.959,
    "beta": 0.0001,
    "MaxL": 50,
    "EVPmaxc": 50,
    "EVPmaxd": 10,
    "rate": 0.03,
    "nyears": 10,
    "GDM": 0.0, 
    "EAM": 0.2312,
    "EVM": 0.576,
    "cOS": [0.10, 0.10, 0.10, 0.10, 0.10, 0.10, 0.10, 0.10, 0.10, 0.10, 0.10, 0.10, 0.10, 0.10, 0.10, 0.10, 0.10, 0.10, 0.10, 0.10, 0.10, 0.10, 0.10, 0.10, 0.10, 0.10, 0.10, 0.10, 0.10, 0.10, 0.10, 0.10, 0.10, 0.10, 0.10, 0.10, 0.10, 0.10, 0.10, 0.10, 0.10, 0.10, 0.10, 0.10, 0.10, 0.10, 0.10, 0.10, 0.10, 0.10, 0.10, 0.10, 0.10, 0.10, 0.10, 0.10, 0.10, 0.10, 0.10, 0.10, 0.10, 0.10, 0.10, 0.10, 0.10, 0.10, 0.10, 0.10, 0.10, 0.10, 0.10, 0.10, 0.44, 0.44, 0.44, 0.44, 0.44, 0.44, 0.44, 0.44, 0.44, 0.44, 0.44, 0.44, 0.1, 0.1, 0.1, 0.1, 0.1, 0.1, 0.1, 0.1, 0.1, 0.1, 0.1, 0.1],
    "PVCO2Inst": 1500,
    "GDCO2Op": 1.5,
    "PSpchs": 0.532,
    "EAECO2": 16.11}
}