{
  "1": {
    "1": {
      "arrival": [
        38,
        51,
        60
      ],
      "departure": [
        38,
        50,
        60
      ],
      "EVmax": [
        35,
        40,
        36
      ],
      "SoCini": [
        0.30504034344009945,
        0.8709415994840337,
        0.7017593688823017
      ],
      "probability": 0.0
    },
    "2": {
      "arrival": [
        95,
        32,
        33
      ],
      "departure": [
        96,
        38,
        30
      ],
      "EVmax": [
        23,
        42,
        45
      ],
      "SoCini": [
        0.4091671691395854,
        0.11812152389927111,
        0.9602876118368101
      ],
      "probability": 0.38292492254802624
    },
    "3": {
      "arrival": [
        50,
        73,
        81
      ],
      "departure": [
        45,
        76,
        79
      ],
      "EVmax": [
        22,
        36,
        20
      ],
      "SoCini": [
        0.46052102050472576,
        0.9277936498376018,
        0.8353915197796414
      ],
      "probability": 0.5
    },
    "4": {
      "arrival": [
        34,
        95,
        21
      ],
      "departure": [
        27,
        96,
        42
      ],
      "EVmax": [
        22,
        44,
        26
      ],
      "SoCini": [
        0.467278627859411,
        0.46844548436322264,
        0.5022594573585365
      ],
      "probability": 0.8663855974622838
    },
    "5": {
      "arrival": [
        32,
        75,
        5
      ],
      "departure": [
        34,
        81,
        5
      ],
      "EVmax": [
        41,
        28,
        21
      ],
      "SoCini": [
        0.31482920380763335,
        0.6359507433004604,
        0.27355940388089484
      ],
      "probability": 0.9544997361036416
    }
  },
  "2": {
    "1": {
      "arrival": [
        68,
        79
      ],
      "departure": [
        69,
        79
      ],
      "EVmax": [
        47,
        28
      ],
      "SoCini": [
        0.3581800386592713,
        0.16589921636358385
      ],
      "probability": 0.0
    },
    "2": {
      "arrival": [
        21,
        78
      ],
      "departure": [
        22,
        80
      ],
      "EVmax": [
        26,
        20
      ],
      "SoCini": [
        0.9519003210850343,
        0.3790386132406488
      ],
      "probability": 0.38292492254802624
    },
    "3": {
      "arrival": [
        45,
        38
      ],
      "departure": [
        43,
        38
      ],
      "EVmax": [
        42,
        20
      ],
      "SoCini": [
        0.1610841436268612,
        0.8697110569722865
      ],
      "probability": 0.5
    },
    "4": {
      "arrival": [
        83,
        64
      ],
      "departure": [
        86,
        67
      ],
      "EVmax": [
        50,
        41
      ],
      "SoCini": [
        0.33642821909512066,
        0.07508310587639666
      ],
      "probability": 0.8663855974622838
    },
    "5": {
      "arrival": [
        16,
        55
      ],
      "departure": [
        8,
        48
      ],
      "EVmax": [
        47,
        35
      ],
      "SoCini": [
        0.7133352600123977,
        0.12039061713937993
      ],
      "probability": 0.9544997361036416
    }
  },
  "3": {
    "1": {
      "arrival": [
        31,
        4,
        21,
        10,
        42,
        45,
        18,
        54
      ],
      "departure": [
        29,
        5,
        18,
        11,
        43,
        47,
        21,
        56
      ],
      "EVmax": [
        40,
        43,
        34,
        49,
        23,
        42,
        23,
        48
      ],
      "SoCini": [
        0.7706946899662205,
        0.261792183843631,
        0.26542054446248387,
        0.9272403833616111,
        0.7608632142940692,
        0.5332667854330032,
        0.1787011802449845,
        0.15358951485202033
      ],
      "probability": 0.0
    },
    "2": {
      "arrival": [
        86,
        42,
        87,
        21,
        11,
        39,
        74,
        82
      ],
      "departure": [
        85,
        41,
        88,
        22,
        14,
        36,
        71,
        79
      ],
      "EVmax": [
        21,
        39,
        33,
        25,
        25,
        28,
        46,
        32
      ],
      "SoCini": [
        0.8575640254919096,
        0.9071261479234564,
        0.724332981723501,
        0.9547047399020578,
        0.8963512185228109,
        0.9793399110885189,
        0.3989807476941255,
        0.21645288065910606
      ],
      "probability": 0.38292492254802624
    },
    "3": {
      "arrival": [
        19,
        10,
        21,
        55,
        45,
        10,
        35,
        3
      ],
      "departure": [
        20,
        10,
        31,
        58,
        38,
        12,
        38,
        11
      ],
      "EVmax": [
        34,
        41,
        42,
        37,
        33,
        24,
        42,
        28
      ],
      "SoCini": [
        0.6313185466007517,
        0.8969613331776047,
        0.44358575350042895,
        0.26084528114727423,
        0.8276532938541898,
        0.2928518115578044,
        0.6477788130659495,
        0.8807716551098864
      ],
      "probability": 0.5
    },
    "4": {
      "arrival": [
        52,
        51,
        30,
        60,
        27,
        68,
        47,
        14
      ],
      "departure": [
        48,
        55,
        28,
        60,
        27,
        72,
        46,
        27
      ],
      "EVmax": [
        23,
        33,
        35,
        33,
        44,
        46,
        49,
        28
      ],
      "SoCini": [
        0.1648212668247675,
        0.9740797825489015,
        0.7205359033853059,
        0.5803814009227238,
        0.6100591507223052,
        0.8040537162641115,
        0.438425239202862,
        0.8711171805004502
      ],
      "probability": 0.8663855974622838
    },
    "5": {
      "arrival": [
        11,
        12,
        66,
        91,
        11,
        93,
        11,
        58
      ],
      "departure": [
        14,
        6,
        61,
        96,
        14,
        85,
        8,
        61
      ],
      "EVmax": [
        29,
        41,
        45,
        34,
        26,
        30,
        37,
        34
      ],
      "SoCini": [
        0.6258566117499392,
        0.4347306330748386,
        0.795873996686044,
        0.7456960427846684,
        0.9042965807072212,
        0.6427299542786605,
        0.24528167068256346,
        0.00040111814972743076
      ],
      "probability": 0.9544997361036416
    }
  },
  "4": {
    "1": {
      "arrival": [
        80,
        19,
        26,
        58,
        74,
        72,
        23,
        69,
        29
      ],
      "departure": [
        80,
        21,
        27,
        60,
        75,
        71,
        21,
        70,
        32
      ],
      "EVmax": [
        48,
        36,
        26,
        37,
        37,
        49,
        32,
        21,
        31
      ],
      "SoCini": [
        0.80381991834561,
        0.9670279770145644,
        0.37671547491644475,
        0.4166518578593671,
        0.5769313411972906,
        0.8578056847844289,
        0.5326385231704824,
        0.990826780367903,
        0.16455372525602774
      ],
      "probability": 0.0
    },
    "2": {
      "arrival": [
        87,
        26,
        26,
        28,
        84,
        81,
        66,
        72,
        83
      ],
      "departure": [
        89,
        26,
        25,
        25,
        84,
        85,
        66,
        71,
        84
      ],
      "EVmax": [
        21,
        30,
        22,
        47,
        20,
        42,
        50,
        30,
        41
      ],